{
    "0": {
        "precision": 1.0,
        "recall": 0.7,
        "f1-score": 0.8235294117647058,
        "support": 10.0
    },
    "1": {
        "precision": 1.0,
        "recall": 1.0,
        "f1-score": 1.0,
        "support": 10.0
    },
    "2": {
        "precision": 1.0,
        "recall": 1.0,
        "f1-score": 1.0,
        "support": 10.0
    },
    "3": {
        "precision": 0.6666666666666666,
        "recall": 0.8,
        "f1-score": 0.7272727272727273,
        "support": 10.0
    },
    "4": {
        "precision": 0.8181818181818182,
        "recall": 0.9,
        "f1-score": 0.8571428571428571,
        "support": 10.0
    },
    "5": {
        "precision": 1.0,
        "recall": 1.0,
        "f1-score": 1.0,
        "support": 10.0
    },
    "accuracy": 0.9,
    "macro avg": {
        "precision": 0.914141414141414,
        "recall": 0.9,
        "f1-score": 0.9013241660300483,
        "support": 60.0
    },
    "weighted avg": {
        "precision": 0.914141414141414,
        "recall": 0.9,
        "f1-score": 0.9013241660300484,
        "support": 60.0
    }
}