{
    "0": {
        "precision": 1.0,
        "recall": 0.8,
        "f1-score": 0.8888888888888888,
        "support": 10.0
    },
    "1": {
        "precision": 1.0,
        "recall": 1.0,
        "f1-score": 1.0,
        "support": 10.0
    },
    "2": {
        "precision": 1.0,
        "recall": 1.0,
        "f1-score": 1.0,
        "support": 10.0
    },
    "3": {
        "precision": 0.75,
        "recall": 0.9,
        "f1-score": 0.8181818181818182,
        "support": 10.0
    },
    "4": {
        "precision": 0.9,
        "recall": 0.9,
        "f1-score": 0.9,
        "support": 10.0
    },
    "5": {
        "precision": 1.0,
        "recall": 1.0,
        "f1-score": 1.0,
        "support": 10.0
    },
    "accuracy": 0.9333333333333333,
    "macro avg": {
        "precision": 0.9416666666666668,
        "recall": 0.9333333333333332,
        "f1-score": 0.9345117845117845,
        "support": 60.0
    },
    "weighted avg": {
        "precision": 0.9416666666666667,
        "recall": 0.9333333333333333,
        "f1-score": 0.9345117845117845,
        "support": 60.0
    }
}